<?xml version="1.0" encoding="UTF-8"?>
<beans xmlns="http://www.springframework.org/schema/beans"
       xmlns:xsi="http://www.w3.org/2001/XMLSchema-instance" xmlns:tx="http://www.springframework.org/schema/tx"
       xsi:schemaLocation="http://www.springframework.org/schema/beans http://www.springframework.org/schema/beans/spring-beans-3.1.xsd http://www.springframework.org/schema/tx http://www.springframework.org/schema/tx/spring-tx.xsd">

    <!--默认数据源 -->
    <bean id="dataSource" class="com.alibaba.druid.pool.DruidDataSource" destroy-method="close">
        <!-- 数据库基本信息配置 -->
        <property name="driverClassName" value="com.mysql.jdbc.Driver"/>
        <property name="url" value="${jdbc.url}"/>
        <property name="username" value="${jdbc.username}"/>
        <property name="password" value="${jdbc.password}"/>

        <!-- 配置初始化大小、最小、最大 -->
        <!-- 初始化连接数量 -->
        <property name="initialSize" value="${druid.initialSize}"/>
        <!-- 最大并发连接数 -->
        <property name="maxActive" value="${druid.maxActive}"/>
        <!-- 最小空闲连接数 -->
        <property name="minIdle" value="${druid.minIdle}"/>
        <!-- 配置获取连接等待超时的时间 -->
        <property name="maxWait" value="${druid.maxWait}"/>


        <!-- 超过时间限制是否回收 -->
        <property name="removeAbandoned" value="${druid.removeAbandoned}"/>
        <!-- 超过时间限制多长； -->
        <property name="removeAbandonedTimeout" value="${druid.removeAbandonedTimeout}"/>
        <!-- 配置间隔多久才进行一次检测，检测需要关闭的空闲连接，单位是毫秒 -->
        <property name="timeBetweenEvictionRunsMillis" value="${druid.timeBetweenEvictionRunsMillis}"/>
        <!-- 配置一个连接在池中最小生存的时间，单位是毫秒 -->
        <property name="minEvictableIdleTimeMillis" value="${druid.minEvictableIdleTimeMillis}"/>
        <!-- 用来检测连接是否有效的sql，要求是一个查询语句-->
        <property name="validationQuery" value="${druid.validationQuery}"/>
        <!-- 申请连接的时候检测 -->
        <property name="testWhileIdle" value="${druid.testWhileIdle}"/>
        <!-- 申请连接时执行validationQuery检测连接是否有效，配置为true会降低性能 -->
        <property name="testOnBorrow" value="${druid.testOnBorrow}"/>
        <!-- 归还连接时执行validationQuery检测连接是否有效，配置为true会降低性能  -->
        <property name="testOnReturn" value="${druid.testOnReturn}"/>

        <!-- mysql 不支持 poolPreparedStatements-->
        <!-- 打开PSCache，并且指定每个连接上PSCache的大小 -->
        <!--<property name="poolPreparedStatements" value="${druid.poolPreparedStatements}" />-->
        <!--<property name="maxPoolPreparedStatementPerConnectionSize" value="${druid.maxPoolPreparedStatementPerConnectionSize}" />-->


        <!--属性类型是字符串，通过别名的方式配置扩展插件，常用的插件有：
               监控统计用的filter:stat
               日志用的filter:log4j
              防御SQL注入的filter:wall -->
        <property name="filters" value="${druid.filters}"/>

        <property name="logAbandoned" value="true"/> <!-- 关闭abanded连接时输出错误日志 -->
    </bean>


    <!-- define the SqlSessionFactory -->
    <bean id="sqlSessionFactory" class="org.mybatis.spring.SqlSessionFactoryBean">
        <property name="dataSource" ref="dataSource"/>
        <property name="typeAliasesPackage" value="net.tsinghua.arc.domain"/>
        <property name="mapperLocations">
            <list>
                <value>classpath*:dao/**/*.xml</value>
            </list>
        </property>
    </bean>

    <!-- scan for mappers and let them be autowired -->
    <bean class="org.mybatis.spring.mapper.MapperScannerConfigurer">
        <property name="basePackage" value="net.tsinghua.arc.dao" />
        <property name="sqlSessionFactoryBeanName" value="sqlSessionFactory" />
    </bean>

    <!-- 开启事务注解驱动 -->
    <tx:annotation-driven transaction-manager="transactionManager"/>

    <!-- transaction manager, use JtaTransactionManager for global tx -->
    <bean id="transactionManager" class="org.springframework.jdbc.datasource.DataSourceTransactionManager">
        <property name="dataSource" ref="dataSource" />
        <qualifier value="arc" />
    </bean>


</beans>

