<?xml version="1.0" encoding="UTF-8"?>
<!DOCTYPE log4j:configuration SYSTEM "log4j.dtd">
<log4j:configuration xmlns:log4j="http://jakarta.apache.org/log4j/" debug="false">

    <appender name="CONSOLE" class="org.apache.log4j.ConsoleAppender">
        <layout class="org.apache.log4j.PatternLayout">
            <param name="ConversionPattern" value="[%d{yyyy-MM-dd HH:mm:ss}] %-5p %c(%t); %x:%m%n" />
        </layout>
    </appender>

    <appender name="FILE_APPENDER" class="org.apache.log4j.DailyRollingFileAppender">
        <param name="DatePattern" value="'.'yyyy-MM-dd"/>
        <param name="file" value="/tmp/log.log"/>
        <layout class="org.apache.log4j.PatternLayout">
            <param name="ConversionPattern" value="[%d{yyyy-MM-dd HH:mm:ss}] %-5p %c(%t); %x:%m%n"/>
        </layout>
    </appender>

    <category name="com.reign" additivity="true">
        <priority value="WARN"/>
    </category>

    <root>
        <priority value="WARN" />
        <appender-ref ref="CONSOLE" />
        <appender-ref ref="FILE_APPENDER"/>
    </root>
</log4j:configuration>