<?xml version="1.0" encoding="UTF-8"?>
<beans xmlns="http://www.springframework.org/schema/beans"
       xmlns:xsi="http://www.w3.org/2001/XMLSchema-instance"
       xmlns:context="http://www.springframework.org/schema/context"
       xmlns:mvc="http://www.springframework.org/schema/mvc" xmlns:mvv="http://www.springframework.org/schema/mvc"
       xmlns:aop="http://www.springframework.org/schema/aop"
       xsi:schemaLocation="http://www.springframework.org/schema/mvc http://www.springframework.org/schema/mvc/spring-mvc-3.2.xsd
                http://www.springframework.org/schema/beans http://www.springframework.org/schema/beans/spring-beans-3.2.xsd
                http://www.springframework.org/schema/context http://www.springframework.org/schema/context/spring-context-3.2.xsd http://www.springframework.org/schema/aop http://www.springframework.org/schema/aop/spring-aop.xsd">


    <context:property-placeholder location="classpath*:*.properties"/>
    <aop:aspectj-autoproxy proxy-target-class="true"/>


    <!-- 自动扫描且只扫描@Controller -->
    <context:component-scan base-package="net.tsinghua.arc">
        <context:include-filter type="annotation" expression="org.springframework.stereotype.Controller"/>
        <context:include-filter type="annotation"
                                expression="org.springframework.web.bind.annotation.ControllerAdvice"/>
    </context:component-scan>


    <!-- 参数转换器 -->
    <bean id="conversionService" class="org.springframework.format.support.FormattingConversionServiceFactoryBean">
        <property name="converters">
            <set>
                <!--日期转换器-->
                <bean class="net.tsinghua.arc.web.convertor.StringToDateConverter"/>
            </set>
        </property>
    </bean>

    <mvc:annotation-driven content-negotiation-manager="contentNegotiationManager"
                           conversion-service="conversionService">
        <mvc:message-converters register-defaults="true">
            <!-- 将StringHttpMessageConverter的默认编码设为UTF-8 -->
            <bean class="org.springframework.http.converter.StringHttpMessageConverter">
                <constructor-arg value="UTF-8"/>
            </bean>
            <!-- 将fastJson的默认格式化输出设为true -->
            <bean class="com.alibaba.fastjson.support.spring.FastJsonHttpMessageConverter"/>
        </mvc:message-converters>

    </mvc:annotation-driven>


    <!-- REST中根据URL后缀自动判定Content-Type及相应的View -->
    <bean id="contentNegotiationManager" class="org.springframework.web.accept.ContentNegotiationManagerFactoryBean">
        <property name="mediaTypes">
            <value>
                json=application/json
                xml=application/xml
            </value>
        </property>
    </bean>

    <bean id="velocityConfig" class="org.springframework.web.servlet.view.velocity.VelocityConfigurer">
        <property name="resourceLoaderPath" value="/WEB-INF/velocity/"/>
        <property name="configLocation" value="classpath:/velocity/velocity.properties"/>
    </bean>

    <bean id="viewResolver" class="org.springframework.web.servlet.view.velocity.VelocityLayoutViewResolver">
        <property name="cache" value="true"/>
        <property name="prefix" value=""/>
        <property name="layoutUrl" value="layout.vm"></property>
        <property name="suffix" value=".vm"/>
        <property name="contentType" value="text/html;charset=UTF-8"></property>
        <property name="toolboxConfigLocation" value="/WEB-INF/toolbox.xml"/>
        <property name="dateToolAttribute" value="dateTools"/>
        <property name="numberToolAttribute" value="numberTools"/>
    </bean>

    <!-- file upload related -->
    <bean id="multipartResolver"
          class="org.springframework.web.multipart.commons.CommonsMultipartResolver">
        <property name="defaultEncoding" value="UTF-8"/>
        <property name="maxUploadSize" value="209715200"/>
        <property name="uploadTempDir" value="upload/temp"/>
        <property name="resolveLazily" value="true"/>
    </bean>

    <mvc:default-servlet-handler/>

</beans>