<?xml version="1.0" encoding="UTF-8"?>
<toolbox>

	<tool>
		<key>dateTool</key>
		<scope>application</scope>
		<class>org.apache.velocity.tools.generic.DateTool</class>
	</tool>

	<tool>
		<key>escape</key>
		<scope>application</scope>
		<class>org.apache.velocity.tools.generic.EscapeTool</class>
	</tool>


	<tool>
		<key>math</key>
		<scope>application</scope>
		<class>org.apache.velocity.tools.generic.MathTool</class>
	</tool>

	<tool>
		<key>cookie</key>
		<scope>request</scope>
		<class>org.apache.velocity.tools.view.tools.CookieTool</class>
	</tool>

</toolbox>